pk,run_id,zooniverse_id,projection,algorithm,number_of_clusters,expected_number_of_clusters,mean_distances_from_clusters,parameters
991,fe11dbfe-2c12-48da-895b-36d5e23c94c4,AHH0000lr6,XY,MeanShift,3,9,10.89580,155.00000
993,fe11dbfe-2c12-48da-895b-36d5e23c94c4,AHH0000lr6,XY,MeanShift,3,9,10.89580,165.00000
992,fe11dbfe-2c12-48da-895b-36d5e23c94c4,AHH0000lr6,XY,MeanShift,3,9,10.89580,160.00000
989,fe11dbfe-2c12-48da-895b-36d5e23c94c4,AHH0000lr6,XY,MeanShift,3,9,10.89580,145.00000
990,fe11dbfe-2c12-48da-895b-36d5e23c94c4,AHH0000lr6,XY,MeanShift,3,9,10.89580,150.00000
988,fe11dbfe-2c12-48da-895b-36d5e23c94c4,AHH0000lr6,XY,MeanShift,3,9,10.89580,140.00000
1030,fe11dbfe-2c12-48da-895b-36d5e23c94c4,AHH0000myo,RZzoom,MeanShift,39,14,11.65469,10.00000
995,fe11dbfe-2c12-48da-895b-36d5e23c94c4,AHH0000lr6,XY,MeanShift,3,9,11.85911,175.00000
997,fe11dbfe-2c12-48da-895b-36d5e23c94c4,AHH0000lr6,XY,MeanShift,3,9,11.85911,185.00000
996,fe11dbfe-2c12-48da-895b-36d5e23c94c4,AHH0000lr6,XY,MeanShift,3,9,11.85911,180.00000
994,fe11dbfe-2c12-48da-895b-36d5e23c94c4,AHH0000lr6,XY,MeanShift,3,9,11.85911,170.00000
826,fe11dbfe-2c12-48da-895b-36d5e23c94c4,AHH0000o3y,XY,MeanShift,72,8,12.37632,10.00000
1031,fe11dbfe-2c12-48da-895b-36d5e23c94c4,AHH0000myo,RZzoom,MeanShift,33,14,12.53595,15.00000
827,fe11dbfe-2c12-48da-895b-36d5e23c94c4,AHH0000o3y,XY,MeanShift,70,8,13.95188,15.00000
1026,fe11dbfe-2c12-48da-895b-36d5e23c94c4,AHH0000myo,RZzoom,DBSCAN,12,14,14.22142,30.00000
818,fe11dbfe-2c12-48da-895b-36d5e23c94c4,AHH0000o3y,XY,DBSCAN,18,8,14.62970,10.00000
1032,fe11dbfe-2c12-48da-895b-36d5e23c94c4,AHH0000myo,RZzoom,MeanShift,26,14,14.77210,20.00000
829,fe11dbfe-2c12-48da-895b-36d5e23c94c4,AHH0000o3y,XY,MeanShift,56,8,14.80047,25.00000
828,fe11dbfe-2c12-48da-895b-36d5e23c94c4,AHH0000o3y,XY,MeanShift,62,8,14.86662,20.00000
1025,fe11dbfe-2c12-48da-895b-36d5e23c94c4,AHH0000myo,RZzoom,DBSCAN,15,14,14.89996,25.00000
1027,fe11dbfe-2c12-48da-895b-36d5e23c94c4,AHH0000myo,RZzoom,DBSCAN,12,14,14.97729,35.00000
1034,fe11dbfe-2c12-48da-895b-36d5e23c94c4,AHH0000myo,RZzoom,MeanShift,21,14,15.08397,30.00000
1033,fe11dbfe-2c12-48da-895b-36d5e23c94c4,AHH0000myo,RZzoom,MeanShift,22,14,15.26461,25.00000
819,fe11dbfe-2c12-48da-895b-36d5e23c94c4,AHH0000o3y,XY,DBSCAN,15,8,15.85503,15.00000
830,fe11dbfe-2c12-48da-895b-36d5e23c94c4,AHH0000o3y,XY,MeanShift,54,8,16.07556,30.00000
1028,fe11dbfe-2c12-48da-895b-36d5e23c94c4,AHH0000myo,RZzoom,DBSCAN,8,14,16.86491,40.00000
1011,fe11dbfe-2c12-48da-895b-36d5e23c94c4,AHH0000lr6,XY,MeanShift,3,9,16.86910,255.00000
1010,fe11dbfe-2c12-48da-895b-36d5e23c94c4,AHH0000lr6,XY,MeanShift,3,9,16.86910,250.00000
1012,fe11dbfe-2c12-48da-895b-36d5e23c94c4,AHH0000lr6,XY,MeanShift,3,9,16.86910,260.00000
1013,fe11dbfe-2c12-48da-895b-36d5e23c94c4,AHH0000lr6,XY,MeanShift,3,9,16.86910,265.00000
1014,fe11dbfe-2c12-48da-895b-36d5e23c94c4,AHH0000lr6,XY,MeanShift,3,9,16.86910,270.00000
1035,fe11dbfe-2c12-48da-895b-36d5e23c94c4,AHH0000myo,RZzoom,MeanShift,18,14,17.84154,35.00000
1029,fe11dbfe-2c12-48da-895b-36d5e23c94c4,AHH0000myo,RZzoom,DBSCAN,7,14,18.09317,45.00000
1058,fe11dbfe-2c12-48da-895b-36d5e23c94c4,AHH0000myo,RZzoom,MeanShift,4,14,19.32052,150.00000
1057,fe11dbfe-2c12-48da-895b-36d5e23c94c4,AHH0000myo,RZzoom,MeanShift,4,14,19.32052,145.00000
1054,fe11dbfe-2c12-48da-895b-36d5e23c94c4,AHH0000myo,RZzoom,MeanShift,4,14,20.06602,130.00000
1056,fe11dbfe-2c12-48da-895b-36d5e23c94c4,AHH0000myo,RZzoom,MeanShift,4,14,20.06602,140.00000
1055,fe11dbfe-2c12-48da-895b-36d5e23c94c4,AHH0000myo,RZzoom,MeanShift,4,14,20.06602,135.00000
820,fe11dbfe-2c12-48da-895b-36d5e23c94c4,AHH0000o3y,XY,DBSCAN,11,8,20.25121,20.00000
1059,fe11dbfe-2c12-48da-895b-36d5e23c94c4,AHH0000myo,RZzoom,MeanShift,3,14,20.49840,155.00000
821,fe11dbfe-2c12-48da-895b-36d5e23c94c4,AHH0000o3y,XY,DBSCAN,14,8,20.75946,25.00000
822,fe11dbfe-2c12-48da-895b-36d5e23c94c4,AHH0000o3y,XY,DBSCAN,15,8,20.75946,30.00000
1008,fe11dbfe-2c12-48da-895b-36d5e23c94c4,AHH0000lr6,XY,MeanShift,3,9,20.86685,240.00000
1009,fe11dbfe-2c12-48da-895b-36d5e23c94c4,AHH0000lr6,XY,MeanShift,3,9,20.86685,245.00000
1000,fe11dbfe-2c12-48da-895b-36d5e23c94c4,AHH0000lr6,XY,MeanShift,3,9,20.86685,200.00000
998,fe11dbfe-2c12-48da-895b-36d5e23c94c4,AHH0000lr6,XY,MeanShift,3,9,20.86685,190.00000
1003,fe11dbfe-2c12-48da-895b-36d5e23c94c4,AHH0000lr6,XY,MeanShift,3,9,20.86685,215.00000
1002,fe11dbfe-2c12-48da-895b-36d5e23c94c4,AHH0000lr6,XY,MeanShift,3,9,20.86685,210.00000
1004,fe11dbfe-2c12-48da-895b-36d5e23c94c4,AHH0000lr6,XY,MeanShift,3,9,20.86685,220.00000
1005,fe11dbfe-2c12-48da-895b-36d5e23c94c4,AHH0000lr6,XY,MeanShift,3,9,20.86685,225.00000
1006,fe11dbfe-2c12-48da-895b-36d5e23c94c4,AHH0000lr6,XY,MeanShift,3,9,20.86685,230.00000
1007,fe11dbfe-2c12-48da-895b-36d5e23c94c4,AHH0000lr6,XY,MeanShift,3,9,20.86685,235.00000
1001,fe11dbfe-2c12-48da-895b-36d5e23c94c4,AHH0000lr6,XY,MeanShift,3,9,20.86685,205.00000
999,fe11dbfe-2c12-48da-895b-36d5e23c94c4,AHH0000lr6,XY,MeanShift,3,9,20.86685,195.00000
982,fe11dbfe-2c12-48da-895b-36d5e23c94c4,AHH0000lr6,XY,MeanShift,5,9,21.21219,110.00000
1047,fe11dbfe-2c12-48da-895b-36d5e23c94c4,AHH0000myo,RZzoom,MeanShift,4,14,21.26842,95.00000
1046,fe11dbfe-2c12-48da-895b-36d5e23c94c4,AHH0000myo,RZzoom,MeanShift,4,14,21.26842,90.00000
1049,fe11dbfe-2c12-48da-895b-36d5e23c94c4,AHH0000myo,RZzoom,MeanShift,4,14,21.48976,105.00000
1048,fe11dbfe-2c12-48da-895b-36d5e23c94c4,AHH0000myo,RZzoom,MeanShift,4,14,21.48976,100.00000
1061,fe11dbfe-2c12-48da-895b-36d5e23c94c4,AHH0000myo,RZzoom,MeanShift,3,14,21.51419,165.00000
1060,fe11dbfe-2c12-48da-895b-36d5e23c94c4,AHH0000myo,RZzoom,MeanShift,3,14,21.51419,160.00000
1040,fe11dbfe-2c12-48da-895b-36d5e23c94c4,AHH0000myo,RZzoom,MeanShift,7,14,21.56911,60.00000
1015,fe11dbfe-2c12-48da-895b-36d5e23c94c4,AHH0000lr6,XY,MeanShift,3,9,21.57118,275.00000
1016,fe11dbfe-2c12-48da-895b-36d5e23c94c4,AHH0000lr6,XY,MeanShift,3,9,21.57118,280.00000
962,fe11dbfe-2c12-48da-895b-36d5e23c94c4,AHH0000lr6,XY,MeanShift,21,9,21.59531,10.00000
963,fe11dbfe-2c12-48da-895b-36d5e23c94c4,AHH0000lr6,XY,MeanShift,19,9,21.96207,15.00000
1050,fe11dbfe-2c12-48da-895b-36d5e23c94c4,AHH0000myo,RZzoom,MeanShift,4,14,22.04504,110.00000
981,fe11dbfe-2c12-48da-895b-36d5e23c94c4,AHH0000lr6,XY,MeanShift,5,9,22.14524,105.00000
1041,fe11dbfe-2c12-48da-895b-36d5e23c94c4,AHH0000myo,RZzoom,MeanShift,7,14,22.21408,65.00000
1045,fe11dbfe-2c12-48da-895b-36d5e23c94c4,AHH0000myo,RZzoom,MeanShift,4,14,22.23033,85.00000
832,fe11dbfe-2c12-48da-895b-36d5e23c94c4,AHH0000o3y,XY,MeanShift,42,8,22.24938,40.00000
1052,fe11dbfe-2c12-48da-895b-36d5e23c94c4,AHH0000myo,RZzoom,MeanShift,4,14,22.25293,120.00000
1053,fe11dbfe-2c12-48da-895b-36d5e23c94c4,AHH0000myo,RZzoom,MeanShift,4,14,22.25293,125.00000
1051,fe11dbfe-2c12-48da-895b-36d5e23c94c4,AHH0000myo,RZzoom,MeanShift,4,14,22.25293,115.00000
1044,fe11dbfe-2c12-48da-895b-36d5e23c94c4,AHH0000myo,RZzoom,MeanShift,5,14,22.31445,80.00000
964,fe11dbfe-2c12-48da-895b-36d5e23c94c4,AHH0000lr6,XY,MeanShift,17,9,22.32099,20.00000
965,fe11dbfe-2c12-48da-895b-36d5e23c94c4,AHH0000lr6,XY,MeanShift,15,9,22.32099,25.00000
1042,fe11dbfe-2c12-48da-895b-36d5e23c94c4,AHH0000myo,RZzoom,MeanShift,5,14,22.32877,70.00000
831,fe11dbfe-2c12-48da-895b-36d5e23c94c4,AHH0000o3y,XY,MeanShift,47,8,22.33271,35.00000
1024,fe11dbfe-2c12-48da-895b-36d5e23c94c4,AHH0000myo,RZzoom,DBSCAN,16,14,22.45296,20.00000
1043,fe11dbfe-2c12-48da-895b-36d5e23c94c4,AHH0000myo,RZzoom,MeanShift,5,14,22.76456,75.00000
1063,fe11dbfe-2c12-48da-895b-36d5e23c94c4,AHH0000myo,RZzoom,MeanShift,2,14,22.97964,175.00000
985,fe11dbfe-2c12-48da-895b-36d5e23c94c4,AHH0000lr6,XY,MeanShift,4,9,23.06363,125.00000
986,fe11dbfe-2c12-48da-895b-36d5e23c94c4,AHH0000lr6,XY,MeanShift,4,9,23.06363,130.00000
984,fe11dbfe-2c12-48da-895b-36d5e23c94c4,AHH0000lr6,XY,MeanShift,4,9,24.05102,120.00000
817,fe11dbfe-2c12-48da-895b-36d5e23c94c4,AHH0000o3y,XY,DBSCAN,13,8,24.36262,5.00000
983,fe11dbfe-2c12-48da-895b-36d5e23c94c4,AHH0000lr6,XY,MeanShift,4,9,24.36878,115.00000
1062,fe11dbfe-2c12-48da-895b-36d5e23c94c4,AHH0000myo,RZzoom,MeanShift,2,14,24.68274,170.00000
980,fe11dbfe-2c12-48da-895b-36d5e23c94c4,AHH0000lr6,XY,MeanShift,6,9,24.81181,100.00000
987,fe11dbfe-2c12-48da-895b-36d5e23c94c4,AHH0000lr6,XY,MeanShift,4,9,24.91470,135.00000
1023,fe11dbfe-2c12-48da-895b-36d5e23c94c4,AHH0000myo,RZzoom,DBSCAN,16,14,24.99338,15.00000
975,fe11dbfe-2c12-48da-895b-36d5e23c94c4,AHH0000lr6,XY,MeanShift,7,9,25.87574,75.00000
966,fe11dbfe-2c12-48da-895b-36d5e23c94c4,AHH0000lr6,XY,MeanShift,14,9,26.00191,30.00000
1039,fe11dbfe-2c12-48da-895b-36d5e23c94c4,AHH0000myo,RZzoom,MeanShift,8,14,26.06765,55.00000
833,fe11dbfe-2c12-48da-895b-36d5e23c94c4,AHH0000o3y,XY,MeanShift,40,8,26.22042,45.00000
834,fe11dbfe-2c12-48da-895b-36d5e23c94c4,AHH0000o3y,XY,MeanShift,39,8,26.27374,50.00000
948,fe11dbfe-2c12-48da-895b-36d5e23c94c4,AHH0001ram,XYzoom,MeanShift,1,10,26.87147,280.00000
1021,fe11dbfe-2c12-48da-895b-36d5e23c94c4,AHH0000myo,RZzoom,DBSCAN,9,14,26.92486,5.00000
1088,fe11dbfe-2c12-48da-895b-36d5e23c94c4,AHH0000myo,RZzoom,KMeans,14,14,27.20728,
978,fe11dbfe-2c12-48da-895b-36d5e23c94c4,AHH0000lr6,XY,MeanShift,6,9,28.68725,90.00000
957,fe11dbfe-2c12-48da-895b-36d5e23c94c4,AHH0000lr6,XY,DBSCAN,11,9,28.85869,25.00000
956,fe11dbfe-2c12-48da-895b-36d5e23c94c4,AHH0000lr6,XY,DBSCAN,11,9,28.93827,20.00000
949,fe11dbfe-2c12-48da-895b-36d5e23c94c4,AHH0001ram,XYzoom,MeanShift,1,10,29.02185,285.00000
951,fe11dbfe-2c12-48da-895b-36d5e23c94c4,AHH0001ram,XYzoom,MeanShift,1,10,29.02185,295.00000
950,fe11dbfe-2c12-48da-895b-36d5e23c94c4,AHH0001ram,XYzoom,MeanShift,1,10,29.02185,290.00000
977,fe11dbfe-2c12-48da-895b-36d5e23c94c4,AHH0000lr6,XY,MeanShift,6,9,29.21010,85.00000
976,fe11dbfe-2c12-48da-895b-36d5e23c94c4,AHH0000lr6,XY,MeanShift,6,9,29.21010,80.00000
967,fe11dbfe-2c12-48da-895b-36d5e23c94c4,AHH0000lr6,XY,MeanShift,12,9,29.31582,35.00000
1036,fe11dbfe-2c12-48da-895b-36d5e23c94c4,AHH0000myo,RZzoom,MeanShift,16,14,29.55514,40.00000
979,fe11dbfe-2c12-48da-895b-36d5e23c94c4,AHH0000lr6,XY,MeanShift,6,9,29.79119,95.00000
968,fe11dbfe-2c12-48da-895b-36d5e23c94c4,AHH0000lr6,XY,MeanShift,12,9,29.80303,40.00000
1038,fe11dbfe-2c12-48da-895b-36d5e23c94c4,AHH0000myo,RZzoom,MeanShift,12,14,29.92794,50.00000
1018,fe11dbfe-2c12-48da-895b-36d5e23c94c4,AHH0000lr6,XY,MeanShift,2,9,29.99955,290.00000
1019,fe11dbfe-2c12-48da-895b-36d5e23c94c4,AHH0000lr6,XY,MeanShift,2,9,29.99955,295.00000
1017,fe11dbfe-2c12-48da-895b-36d5e23c94c4,AHH0000lr6,XY,MeanShift,2,9,29.99955,285.00000
958,fe11dbfe-2c12-48da-895b-36d5e23c94c4,AHH0000lr6,XY,DBSCAN,10,9,30.02240,30.00000
955,fe11dbfe-2c12-48da-895b-36d5e23c94c4,AHH0000lr6,XY,DBSCAN,12,9,30.77612,15.00000
954,fe11dbfe-2c12-48da-895b-36d5e23c94c4,AHH0000lr6,XY,DBSCAN,12,9,30.77612,10.00000
969,fe11dbfe-2c12-48da-895b-36d5e23c94c4,AHH0000lr6,XY,MeanShift,11,9,30.80828,45.00000
970,fe11dbfe-2c12-48da-895b-36d5e23c94c4,AHH0000lr6,XY,MeanShift,11,9,30.88216,50.00000
944,fe11dbfe-2c12-48da-895b-36d5e23c94c4,AHH0001ram,XYzoom,MeanShift,1,10,31.24022,260.00000
961,fe11dbfe-2c12-48da-895b-36d5e23c94c4,AHH0000lr6,XY,DBSCAN,10,9,31.48734,45.00000
823,fe11dbfe-2c12-48da-895b-36d5e23c94c4,AHH0000o3y,XY,DBSCAN,17,8,31.62182,35.00000
1022,fe11dbfe-2c12-48da-895b-36d5e23c94c4,AHH0000myo,RZzoom,DBSCAN,15,14,31.77450,10.00000
959,fe11dbfe-2c12-48da-895b-36d5e23c94c4,AHH0000lr6,XY,DBSCAN,10,9,32.40622,35.00000
960,fe11dbfe-2c12-48da-895b-36d5e23c94c4,AHH0000lr6,XY,DBSCAN,10,9,32.40622,40.00000
973,fe11dbfe-2c12-48da-895b-36d5e23c94c4,AHH0000lr6,XY,MeanShift,10,9,33.79612,65.00000
972,fe11dbfe-2c12-48da-895b-36d5e23c94c4,AHH0000lr6,XY,MeanShift,10,9,33.87870,60.00000
1064,fe11dbfe-2c12-48da-895b-36d5e23c94c4,AHH0000myo,RZzoom,MeanShift,1,14,33.89852,180.00000
1065,fe11dbfe-2c12-48da-895b-36d5e23c94c4,AHH0000myo,RZzoom,MeanShift,1,14,33.89852,185.00000
939,fe11dbfe-2c12-48da-895b-36d5e23c94c4,AHH0001ram,XYzoom,MeanShift,1,10,34.17251,235.00000
971,fe11dbfe-2c12-48da-895b-36d5e23c94c4,AHH0000lr6,XY,MeanShift,10,9,34.23796,55.00000
945,fe11dbfe-2c12-48da-895b-36d5e23c94c4,AHH0001ram,XYzoom,MeanShift,1,10,34.59134,265.00000
947,fe11dbfe-2c12-48da-895b-36d5e23c94c4,AHH0001ram,XYzoom,MeanShift,1,10,34.59134,275.00000
942,fe11dbfe-2c12-48da-895b-36d5e23c94c4,AHH0001ram,XYzoom,MeanShift,1,10,34.96942,250.00000
943,fe11dbfe-2c12-48da-895b-36d5e23c94c4,AHH0001ram,XYzoom,MeanShift,1,10,34.96942,255.00000
941,fe11dbfe-2c12-48da-895b-36d5e23c94c4,AHH0001ram,XYzoom,MeanShift,1,10,34.96942,245.00000
1074,fe11dbfe-2c12-48da-895b-36d5e23c94c4,AHH0000myo,RZzoom,MeanShift,1,14,36.35393,230.00000
1070,fe11dbfe-2c12-48da-895b-36d5e23c94c4,AHH0000myo,RZzoom,MeanShift,1,14,36.35393,210.00000
1075,fe11dbfe-2c12-48da-895b-36d5e23c94c4,AHH0000myo,RZzoom,MeanShift,1,14,36.35393,235.00000
1076,fe11dbfe-2c12-48da-895b-36d5e23c94c4,AHH0000myo,RZzoom,MeanShift,1,14,36.35393,240.00000
1072,fe11dbfe-2c12-48da-895b-36d5e23c94c4,AHH0000myo,RZzoom,MeanShift,1,14,36.35393,220.00000
1078,fe11dbfe-2c12-48da-895b-36d5e23c94c4,AHH0000myo,RZzoom,MeanShift,1,14,36.35393,250.00000
1079,fe11dbfe-2c12-48da-895b-36d5e23c94c4,AHH0000myo,RZzoom,MeanShift,1,14,36.35393,255.00000
1080,fe11dbfe-2c12-48da-895b-36d5e23c94c4,AHH0000myo,RZzoom,MeanShift,1,14,36.35393,260.00000
1073,fe11dbfe-2c12-48da-895b-36d5e23c94c4,AHH0000myo,RZzoom,MeanShift,1,14,36.35393,225.00000
1071,fe11dbfe-2c12-48da-895b-36d5e23c94c4,AHH0000myo,RZzoom,MeanShift,1,14,36.35393,215.00000
1077,fe11dbfe-2c12-48da-895b-36d5e23c94c4,AHH0000myo,RZzoom,MeanShift,1,14,36.35393,245.00000
946,fe11dbfe-2c12-48da-895b-36d5e23c94c4,AHH0001ram,XYzoom,MeanShift,1,10,36.76955,270.00000
974,fe11dbfe-2c12-48da-895b-36d5e23c94c4,AHH0000lr6,XY,MeanShift,9,9,36.85364,70.00000
940,fe11dbfe-2c12-48da-895b-36d5e23c94c4,AHH0001ram,XYzoom,MeanShift,1,10,37.05193,240.00000
835,fe11dbfe-2c12-48da-895b-36d5e23c94c4,AHH0000o3y,XY,MeanShift,38,8,37.84086,55.00000
953,fe11dbfe-2c12-48da-895b-36d5e23c94c4,AHH0000lr6,XY,DBSCAN,13,9,38.91199,5.00000
1066,fe11dbfe-2c12-48da-895b-36d5e23c94c4,AHH0000myo,RZzoom,MeanShift,1,14,40.01561,190.00000
1069,fe11dbfe-2c12-48da-895b-36d5e23c94c4,AHH0000myo,RZzoom,MeanShift,1,14,40.01561,205.00000
1068,fe11dbfe-2c12-48da-895b-36d5e23c94c4,AHH0000myo,RZzoom,MeanShift,1,14,40.01561,200.00000
1067,fe11dbfe-2c12-48da-895b-36d5e23c94c4,AHH0000myo,RZzoom,MeanShift,1,14,40.01561,195.00000
934,fe11dbfe-2c12-48da-895b-36d5e23c94c4,AHH0001ram,XYzoom,MeanShift,2,10,41.41046,210.00000
935,fe11dbfe-2c12-48da-895b-36d5e23c94c4,AHH0001ram,XYzoom,MeanShift,1,10,42.49414,215.00000
932,fe11dbfe-2c12-48da-895b-36d5e23c94c4,AHH0001ram,XYzoom,MeanShift,2,10,45.03827,200.00000
933,fe11dbfe-2c12-48da-895b-36d5e23c94c4,AHH0001ram,XYzoom,MeanShift,2,10,45.03827,205.00000
1020,fe11dbfe-2c12-48da-895b-36d5e23c94c4,AHH0000lr6,XY,KMeans,9,9,45.10610,
894,fe11dbfe-2c12-48da-895b-36d5e23c94c4,AHH0001ram,XYzoom,MeanShift,54,10,46.34069,10.00000
896,fe11dbfe-2c12-48da-895b-36d5e23c94c4,AHH0001ram,XYzoom,MeanShift,43,10,46.92355,20.00000
895,fe11dbfe-2c12-48da-895b-36d5e23c94c4,AHH0001ram,XYzoom,MeanShift,46,10,46.92355,15.00000
1037,fe11dbfe-2c12-48da-895b-36d5e23c94c4,AHH0000myo,RZzoom,MeanShift,14,14,48.02656,45.00000
897,fe11dbfe-2c12-48da-895b-36d5e23c94c4,AHH0001ram,XYzoom,MeanShift,41,10,48.23969,25.00000
898,fe11dbfe-2c12-48da-895b-36d5e23c94c4,AHH0001ram,XYzoom,MeanShift,38,10,48.67544,30.00000
1087,fe11dbfe-2c12-48da-895b-36d5e23c94c4,AHH0000myo,RZzoom,MeanShift,1,14,50.24637,295.00000
1081,fe11dbfe-2c12-48da-895b-36d5e23c94c4,AHH0000myo,RZzoom,MeanShift,1,14,50.24637,265.00000
1082,fe11dbfe-2c12-48da-895b-36d5e23c94c4,AHH0000myo,RZzoom,MeanShift,1,14,50.24637,270.00000
1083,fe11dbfe-2c12-48da-895b-36d5e23c94c4,AHH0000myo,RZzoom,MeanShift,1,14,50.24637,275.00000
1084,fe11dbfe-2c12-48da-895b-36d5e23c94c4,AHH0000myo,RZzoom,MeanShift,1,14,50.24637,280.00000
1085,fe11dbfe-2c12-48da-895b-36d5e23c94c4,AHH0000myo,RZzoom,MeanShift,1,14,50.24637,285.00000
1086,fe11dbfe-2c12-48da-895b-36d5e23c94c4,AHH0000myo,RZzoom,MeanShift,1,14,50.24637,290.00000
900,fe11dbfe-2c12-48da-895b-36d5e23c94c4,AHH0001ram,XYzoom,MeanShift,29,10,51.74938,40.00000
899,fe11dbfe-2c12-48da-895b-36d5e23c94c4,AHH0001ram,XYzoom,MeanShift,29,10,52.36172,35.00000
824,fe11dbfe-2c12-48da-895b-36d5e23c94c4,AHH0000o3y,XY,DBSCAN,18,8,54.57398,40.00000
901,fe11dbfe-2c12-48da-895b-36d5e23c94c4,AHH0001ram,XYzoom,MeanShift,28,10,54.87007,45.00000
825,fe11dbfe-2c12-48da-895b-36d5e23c94c4,AHH0000o3y,XY,DBSCAN,18,8,54.96353,45.00000
902,fe11dbfe-2c12-48da-895b-36d5e23c94c4,AHH0001ram,XYzoom,MeanShift,24,10,56.79548,50.00000
888,fe11dbfe-2c12-48da-895b-36d5e23c94c4,AHH0001ram,XYzoom,DBSCAN,29,10,59.45946,20.00000
887,fe11dbfe-2c12-48da-895b-36d5e23c94c4,AHH0001ram,XYzoom,DBSCAN,28,10,59.45946,15.00000
903,fe11dbfe-2c12-48da-895b-36d5e23c94c4,AHH0001ram,XYzoom,MeanShift,21,10,59.63718,55.00000
890,fe11dbfe-2c12-48da-895b-36d5e23c94c4,AHH0001ram,XYzoom,DBSCAN,24,10,59.93285,30.00000
889,fe11dbfe-2c12-48da-895b-36d5e23c94c4,AHH0001ram,XYzoom,DBSCAN,28,10,60.74549,25.00000
836,fe11dbfe-2c12-48da-895b-36d5e23c94c4,AHH0000o3y,XY,MeanShift,35,8,60.82278,60.00000
937,fe11dbfe-2c12-48da-895b-36d5e23c94c4,AHH0001ram,XYzoom,MeanShift,2,10,65.24371,225.00000
938,fe11dbfe-2c12-48da-895b-36d5e23c94c4,AHH0001ram,XYzoom,MeanShift,2,10,65.24371,230.00000
936,fe11dbfe-2c12-48da-895b-36d5e23c94c4,AHH0001ram,XYzoom,MeanShift,2,10,66.54999,220.00000
923,fe11dbfe-2c12-48da-895b-36d5e23c94c4,AHH0001ram,XYzoom,MeanShift,4,10,68.31872,155.00000
922,fe11dbfe-2c12-48da-895b-36d5e23c94c4,AHH0001ram,XYzoom,MeanShift,4,10,70.84354,150.00000
904,fe11dbfe-2c12-48da-895b-36d5e23c94c4,AHH0001ram,XYzoom,MeanShift,18,10,71.52872,60.00000
886,fe11dbfe-2c12-48da-895b-36d5e23c94c4,AHH0001ram,XYzoom,DBSCAN,25,10,71.62107,10.00000
906,fe11dbfe-2c12-48da-895b-36d5e23c94c4,AHH0001ram,XYzoom,MeanShift,16,10,73.67815,70.00000
905,fe11dbfe-2c12-48da-895b-36d5e23c94c4,AHH0001ram,XYzoom,MeanShift,17,10,73.75843,65.00000
931,fe11dbfe-2c12-48da-895b-36d5e23c94c4,AHH0001ram,XYzoom,MeanShift,2,10,74.92984,195.00000
891,fe11dbfe-2c12-48da-895b-36d5e23c94c4,AHH0001ram,XYzoom,DBSCAN,21,10,76.96053,35.00000
838,fe11dbfe-2c12-48da-895b-36d5e23c94c4,AHH0000o3y,XY,MeanShift,30,8,78.13348,70.00000
907,fe11dbfe-2c12-48da-895b-36d5e23c94c4,AHH0001ram,XYzoom,MeanShift,15,10,78.15777,75.00000
924,fe11dbfe-2c12-48da-895b-36d5e23c94c4,AHH0001ram,XYzoom,MeanShift,3,10,79.77805,160.00000
925,fe11dbfe-2c12-48da-895b-36d5e23c94c4,AHH0001ram,XYzoom,MeanShift,3,10,79.77805,165.00000
837,fe11dbfe-2c12-48da-895b-36d5e23c94c4,AHH0000o3y,XY,MeanShift,31,8,79.94488,65.00000
908,fe11dbfe-2c12-48da-895b-36d5e23c94c4,AHH0001ram,XYzoom,MeanShift,13,10,82.45387,80.00000
929,fe11dbfe-2c12-48da-895b-36d5e23c94c4,AHH0001ram,XYzoom,MeanShift,3,10,83.73958,185.00000
928,fe11dbfe-2c12-48da-895b-36d5e23c94c4,AHH0001ram,XYzoom,MeanShift,3,10,83.78691,180.00000
892,fe11dbfe-2c12-48da-895b-36d5e23c94c4,AHH0001ram,XYzoom,DBSCAN,19,10,84.26471,40.00000
893,fe11dbfe-2c12-48da-895b-36d5e23c94c4,AHH0001ram,XYzoom,DBSCAN,18,10,84.35761,45.00000
927,fe11dbfe-2c12-48da-895b-36d5e23c94c4,AHH0001ram,XYzoom,MeanShift,3,10,85.13017,175.00000
839,fe11dbfe-2c12-48da-895b-36d5e23c94c4,AHH0000o3y,XY,MeanShift,28,8,86.76542,75.00000
840,fe11dbfe-2c12-48da-895b-36d5e23c94c4,AHH0000o3y,XY,MeanShift,27,8,89.02147,80.00000
885,fe11dbfe-2c12-48da-895b-36d5e23c94c4,AHH0001ram,XYzoom,DBSCAN,18,10,90.40007,5.00000
909,fe11dbfe-2c12-48da-895b-36d5e23c94c4,AHH0001ram,XYzoom,MeanShift,13,10,98.79041,85.00000
926,fe11dbfe-2c12-48da-895b-36d5e23c94c4,AHH0001ram,XYzoom,MeanShift,4,10,102.63206,170.00000
910,fe11dbfe-2c12-48da-895b-36d5e23c94c4,AHH0001ram,XYzoom,MeanShift,11,10,103.00569,90.00000
930,fe11dbfe-2c12-48da-895b-36d5e23c94c4,AHH0001ram,XYzoom,MeanShift,3,10,103.44076,190.00000
912,fe11dbfe-2c12-48da-895b-36d5e23c94c4,AHH0001ram,XYzoom,MeanShift,11,10,109.69155,100.00000
921,fe11dbfe-2c12-48da-895b-36d5e23c94c4,AHH0001ram,XYzoom,MeanShift,6,10,112.64984,145.00000
918,fe11dbfe-2c12-48da-895b-36d5e23c94c4,AHH0001ram,XYzoom,MeanShift,7,10,112.77150,130.00000
919,fe11dbfe-2c12-48da-895b-36d5e23c94c4,AHH0001ram,XYzoom,MeanShift,7,10,113.20866,135.00000
917,fe11dbfe-2c12-48da-895b-36d5e23c94c4,AHH0001ram,XYzoom,MeanShift,7,10,116.31118,125.00000
843,fe11dbfe-2c12-48da-895b-36d5e23c94c4,AHH0000o3y,XY,MeanShift,23,8,117.49492,95.00000
842,fe11dbfe-2c12-48da-895b-36d5e23c94c4,AHH0000o3y,XY,MeanShift,26,8,117.49492,90.00000
841,fe11dbfe-2c12-48da-895b-36d5e23c94c4,AHH0000o3y,XY,MeanShift,26,8,117.73480,85.00000
916,fe11dbfe-2c12-48da-895b-36d5e23c94c4,AHH0001ram,XYzoom,MeanShift,7,10,117.81531,120.00000
914,fe11dbfe-2c12-48da-895b-36d5e23c94c4,AHH0001ram,XYzoom,MeanShift,8,10,118.77801,110.00000
920,fe11dbfe-2c12-48da-895b-36d5e23c94c4,AHH0001ram,XYzoom,MeanShift,6,10,119.66989,140.00000
915,fe11dbfe-2c12-48da-895b-36d5e23c94c4,AHH0001ram,XYzoom,MeanShift,7,10,121.06393,115.00000
911,fe11dbfe-2c12-48da-895b-36d5e23c94c4,AHH0001ram,XYzoom,MeanShift,10,10,121.18902,95.00000
913,fe11dbfe-2c12-48da-895b-36d5e23c94c4,AHH0001ram,XYzoom,MeanShift,8,10,122.84545,105.00000
952,fe11dbfe-2c12-48da-895b-36d5e23c94c4,AHH0001ram,XYzoom,KMeans,10,10,125.12108,
844,fe11dbfe-2c12-48da-895b-36d5e23c94c4,AHH0000o3y,XY,MeanShift,21,8,140.46335,100.00000
845,fe11dbfe-2c12-48da-895b-36d5e23c94c4,AHH0000o3y,XY,MeanShift,21,8,163.56612,105.00000
846,fe11dbfe-2c12-48da-895b-36d5e23c94c4,AHH0000o3y,XY,MeanShift,19,8,206.02051,110.00000
848,fe11dbfe-2c12-48da-895b-36d5e23c94c4,AHH0000o3y,XY,MeanShift,17,8,248.45204,120.00000
850,fe11dbfe-2c12-48da-895b-36d5e23c94c4,AHH0000o3y,XY,MeanShift,18,8,248.45204,130.00000
849,fe11dbfe-2c12-48da-895b-36d5e23c94c4,AHH0000o3y,XY,MeanShift,17,8,248.45204,125.00000
852,fe11dbfe-2c12-48da-895b-36d5e23c94c4,AHH0000o3y,XY,MeanShift,15,8,249.02411,140.00000
851,fe11dbfe-2c12-48da-895b-36d5e23c94c4,AHH0000o3y,XY,MeanShift,16,8,249.02411,135.00000
847,fe11dbfe-2c12-48da-895b-36d5e23c94c4,AHH0000o3y,XY,MeanShift,18,8,250.24979,115.00000
883,fe11dbfe-2c12-48da-895b-36d5e23c94c4,AHH0000o3y,XY,MeanShift,4,8,273.13057,295.00000
854,fe11dbfe-2c12-48da-895b-36d5e23c94c4,AHH0000o3y,XY,MeanShift,15,8,275.74172,150.00000
853,fe11dbfe-2c12-48da-895b-36d5e23c94c4,AHH0000o3y,XY,MeanShift,15,8,275.74172,145.00000
855,fe11dbfe-2c12-48da-895b-36d5e23c94c4,AHH0000o3y,XY,MeanShift,13,8,276.17342,155.00000
856,fe11dbfe-2c12-48da-895b-36d5e23c94c4,AHH0000o3y,XY,MeanShift,13,8,278.27340,160.00000
857,fe11dbfe-2c12-48da-895b-36d5e23c94c4,AHH0000o3y,XY,MeanShift,13,8,278.54165,165.00000
882,fe11dbfe-2c12-48da-895b-36d5e23c94c4,AHH0000o3y,XY,MeanShift,5,8,292.49190,290.00000
884,fe11dbfe-2c12-48da-895b-36d5e23c94c4,AHH0000o3y,XY,KMeans,8,8,299.14530,
879,fe11dbfe-2c12-48da-895b-36d5e23c94c4,AHH0000o3y,XY,MeanShift,6,8,299.76846,275.00000
880,fe11dbfe-2c12-48da-895b-36d5e23c94c4,AHH0000o3y,XY,MeanShift,6,8,299.90033,280.00000
872,fe11dbfe-2c12-48da-895b-36d5e23c94c4,AHH0000o3y,XY,MeanShift,6,8,301.34993,240.00000
878,fe11dbfe-2c12-48da-895b-36d5e23c94c4,AHH0000o3y,XY,MeanShift,6,8,303.63952,270.00000
859,fe11dbfe-2c12-48da-895b-36d5e23c94c4,AHH0000o3y,XY,MeanShift,12,8,304.95585,175.00000
860,fe11dbfe-2c12-48da-895b-36d5e23c94c4,AHH0000o3y,XY,MeanShift,12,8,304.95585,180.00000
861,fe11dbfe-2c12-48da-895b-36d5e23c94c4,AHH0000o3y,XY,MeanShift,11,8,306.54116,185.00000
858,fe11dbfe-2c12-48da-895b-36d5e23c94c4,AHH0000o3y,XY,MeanShift,13,8,306.79171,170.00000
877,fe11dbfe-2c12-48da-895b-36d5e23c94c4,AHH0000o3y,XY,MeanShift,6,8,307.69298,265.00000
862,fe11dbfe-2c12-48da-895b-36d5e23c94c4,AHH0000o3y,XY,MeanShift,10,8,308.12546,190.00000
876,fe11dbfe-2c12-48da-895b-36d5e23c94c4,AHH0000o3y,XY,MeanShift,6,8,309.84500,260.00000
881,fe11dbfe-2c12-48da-895b-36d5e23c94c4,AHH0000o3y,XY,MeanShift,6,8,311.81719,285.00000
875,fe11dbfe-2c12-48da-895b-36d5e23c94c4,AHH0000o3y,XY,MeanShift,7,8,321.82100,255.00000
873,fe11dbfe-2c12-48da-895b-36d5e23c94c4,AHH0000o3y,XY,MeanShift,7,8,322.30429,245.00000
871,fe11dbfe-2c12-48da-895b-36d5e23c94c4,AHH0000o3y,XY,MeanShift,7,8,323.12594,235.00000
870,fe11dbfe-2c12-48da-895b-36d5e23c94c4,AHH0000o3y,XY,MeanShift,8,8,324.09336,230.00000
868,fe11dbfe-2c12-48da-895b-36d5e23c94c4,AHH0000o3y,XY,MeanShift,9,8,330.02543,220.00000
869,fe11dbfe-2c12-48da-895b-36d5e23c94c4,AHH0000o3y,XY,MeanShift,8,8,330.19857,225.00000
874,fe11dbfe-2c12-48da-895b-36d5e23c94c4,AHH0000o3y,XY,MeanShift,8,8,335.99575,250.00000
867,fe11dbfe-2c12-48da-895b-36d5e23c94c4,AHH0000o3y,XY,MeanShift,8,8,339.93190,215.00000
866,fe11dbfe-2c12-48da-895b-36d5e23c94c4,AHH0000o3y,XY,MeanShift,8,8,343.01008,210.00000
865,fe11dbfe-2c12-48da-895b-36d5e23c94c4,AHH0000o3y,XY,MeanShift,9,8,345.48001,205.00000
864,fe11dbfe-2c12-48da-895b-36d5e23c94c4,AHH0000o3y,XY,MeanShift,9,8,346.74688,200.00000
863,fe11dbfe-2c12-48da-895b-36d5e23c94c4,AHH0000o3y,XY,MeanShift,8,8,354.72775,195.00000
